Popis trasy,Označení linky,Webový odkaz na jízdní řád Veřejné dopravy Královéhradeckého kraje,Název vyššího územního samosprávného celku,Kód vyššího územního samosprávného celku dle číselníku ČSÚ,Jedinečný identifikátor v katalogu otevřených dat Data KHK,Délka v metrech,ID,Shape__Length
Turistický autobus s přepravou kol (baťoh): Jilemnice-Benecko-Vrchlabí,IDOL 949,https://www.dopravakhk.cz/vyhledat-jizdni-rad.html?query=949,"Královéhradecký kraj, Liberecký kraj","CZ052, CZ051",ALI189,30492.4474354,1,30492.4474353699
Hradec Králové-Dolní Přím-Nechanice-Nový Bydžov,101,https://www.dopravakhk.cz/vyhledat-jizdni-rad.html?query=101,Královéhradecký kraj,CZ052,ALI1,40959.9858823,2,40959.9858823026
Hradec Králové-Libčany-Boharyně-Nový Bydžov,102,https://www.dopravakhk.cz/vyhledat-jizdni-rad.html?query=102,Královéhradecký kraj,CZ052,ALI2,60067.522776,3,60067.5227760467
Hradec Králové-Hrádek-Nechanice-Myštěves-Králíky-Nový Bydžov,105,https://www.dopravakhk.cz/vyhledat-jizdni-rad.html?query=105,Královéhradecký kraj,CZ052,ALI5,66775.0757242,4,66775.0757242266
Hradec Králové-Všestary-Máslojedy-Hořiněves-Velký Vřešťov-Boháňka,108,https://www.dopravakhk.cz/vyhledat-jizdni-rad.html?query=108,Královéhradecký kraj,CZ052,ALI8,56814.5906697,5,56814.5906696754
Hradec Králové-Osice-Křičeň-Lázně Bohdaneč-Pardubice,109,https://www.dopravakhk.cz/vyhledat-jizdni-rad.html?query=109,"Královéhradecký kraj, Pardubický kraj","CZ052, CZ053",ALI9,21747.2793711,6,21747.2793711292
Jaroměř-Josefov-Libřice-Černilov-Hradec Králové,112,https://www.dopravakhk.cz/vyhledat-jizdni-rad.html?query=112,Královéhradecký kraj,CZ052,ALI12,60879.3398728,7,60879.3398727961
Nový Bydžov-Nepolisy-Chlumec n.Cidl,151,https://www.dopravakhk.cz/vyhledat-jizdni-rad.html?query=151,Královéhradecký kraj,CZ052,ALI15,19716.9926451,8,19716.9926451323
Nový Bydžov-Městec Králové,153,https://www.dopravakhk.cz/vyhledat-jizdni-rad.html?query=153,"Královéhradecký kraj, Středočeský kraj","CZ052, CZ020",ALI17,35583.72677,9,35583.7267699562
Hořice-Bašnice-Sukorady-Myštěves-Králíky-Nový Bydžov,156,https://www.dopravakhk.cz/vyhledat-jizdni-rad.html?query=156,Královéhradecký kraj,CZ052,ALI20,57721.6590715,10,57721.6590714792
Chlumec n.Cidl.-Stará Voda-Káranice,173,https://www.dopravakhk.cz/vyhledat-jizdni-rad.html?query=173,Královéhradecký kraj,CZ052,ALI21,10207.660322,11,10207.6603220329
Rychnov n.Kněž.-Solnice-Kvasiny-Skuhrov n.Bělou-Osečnice,204,https://www.dopravakhk.cz/vyhledat-jizdni-rad.html?query=204,Královéhradecký kraj,CZ052,ALI27,19281.1479255,12,19281.1479254679
Zdobnice-Rychnov n.Kněž.,205,https://www.dopravakhk.cz/vyhledat-jizdni-rad.html?query=205,Královéhradecký kraj,CZ052,ALI28,53929.5593571,13,53929.559357142
Rychnov n.Kněž.-Lipovka-Litohrady-Černíkovice-Lično-Libel-Častolovice-Kostelec n.Orl.,207,https://www.dopravakhk.cz/vyhledat-jizdni-rad.html?query=207,Královéhradecký kraj,CZ052,ALI30,33321.5993901,14,33321.5993900892
Týniště n.O.-Albrechtice n.O.-Žďár n.O.-Borohrádek,211,https://www.dopravakhk.cz/vyhledat-jizdni-rad.html?query=211,Královéhradecký kraj,CZ052,ALI34,17083.0449067,15,17083.0449067213
Kostelec n.O.-Častolovice-Olešnice-Hřibiny-Ledská-Častolovice-Kostelec n.O.,221,https://www.dopravakhk.cz/vyhledat-jizdni-rad.html?query=221,Královéhradecký kraj,CZ052,ALI38,16628.2511581,16,16628.2511581428
Kostelec n.Orl.-Borohrádek-Čermná n.Orl.,223,https://www.dopravakhk.cz/vyhledat-jizdni-rad.html?query=223,Královéhradecký kraj,CZ052,ALI40,28189.2717616,17,28189.2717616309
Rokytnice v Orl.h.-Bartošovice v Orl.h.-Orlické Záhoří-Šerlich-Deštné v Orl.h.,240,https://www.dopravakhk.cz/vyhledat-jizdni-rad.html?query=240,Královéhradecký kraj,CZ052,ALI43,47086.3809305,18,47086.3809304767
Rychnov n.K.-Solnice-Skuhrov n.Bělou-Dobré-Dobruška,260,https://www.dopravakhk.cz/vyhledat-jizdni-rad.html?query=260,Královéhradecký kraj,CZ052,ALI47,52845.8620684,19,52845.8620683993
Dobruška-Bačetín-Ohnišov-Dobřany-Deštné v Orl.h.,266,https://www.dopravakhk.cz/vyhledat-jizdni-rad.html?query=266,Královéhradecký kraj,CZ052,ALI53,25915.6744965,20,25915.6744965179
Náchod-Kramolna-Olešnice-Červený Kostelec,303,https://www.dopravakhk.cz/vyhledat-jizdni-rad.html?query=303,Královéhradecký kraj,CZ052,ALI63,18860.8250765,21,18860.8250765494
Česká Skalice-Provodov-Šonov-Nové Město n.Met.,307,https://www.dopravakhk.cz/vyhledat-jizdni-rad.html?query=307,Královéhradecký kraj,CZ052,ALI66,13738.7962562,22,13738.7962561654
N.Město n.Met.-Slavoňov-N.Hrádek-Č.Čermná-Dobrošov-Náchod,308,https://www.dopravakhk.cz/vyhledat-jizdni-rad.html?query=308,Královéhradecký kraj,CZ052,ALI67,30520.571917,23,30520.5719169768
Jaroměř-Zaloňov-Velichovky-Dubenec,312,https://www.dopravakhk.cz/vyhledat-jizdni-rad.html?query=312,Královéhradecký kraj,CZ052,ALI70,32889.3924019,24,32889.3924018987
Dobruška-Opočno-Č. Meziříčí-Král. Lhota-Jasenná-Jaroměř,313,https://www.dopravakhk.cz/vyhledat-jizdni-rad.html?query=313,Královéhradecký kraj,CZ052,ALI71,45668.3144501,25,45668.3144500725
Jaroměř-Habřina-Smiřice-Hořiněves,315,https://www.dopravakhk.cz/vyhledat-jizdni-rad.html?query=315,Královéhradecký kraj,CZ052,ALI73,44956.8525347,26,44956.8525347063
Jaroměř-Josefov-Jasenná-Šestajovice-Městec,316,https://www.dopravakhk.cz/vyhledat-jizdni-rad.html?query=316,Královéhradecký kraj,CZ052,ALI74,27940.3474137,27,27940.3474136636
Nové Město n.Met.-Nahořany-Velká Jesenice-Rychnovek-Jaroměř,330,https://www.dopravakhk.cz/vyhledat-jizdni-rad.html?query=330,Královéhradecký kraj,CZ052,ALI77,32178.5199103,28,32178.5199102894
Nové Město n.Met.-Ohnišov-Bačetín-Sedloňov-Deštné v Orl.h.,331,https://www.dopravakhk.cz/vyhledat-jizdni-rad.html?query=331,Královéhradecký kraj,CZ052,ALI78,32996.3766674,29,32996.3766674068
Nové Město n.Met.-Nahořany-Velká Jesenice-Česká Skalice,333,https://www.dopravakhk.cz/vyhledat-jizdni-rad.html?query=333,Královéhradecký kraj,CZ052,ALI80,29507.5274244,30,29507.5274243897
Nové Město n.Met.-Bohuslavice-Dobruška,337,https://www.dopravakhk.cz/vyhledat-jizdni-rad.html?query=337,Královéhradecký kraj,CZ052,ALI83,19554.4564937,31,19554.456493746
N.Město n.Met.-Bohuslavice / Nahořany-České Meziříčí-Skršice-H.Králové,338,https://www.dopravakhk.cz/vyhledat-jizdni-rad.html?query=338,Královéhradecký kraj,CZ052,ALI84,46641.808812,32,46641.8088120119
Náchod-Hronov-Stárkov-Jívka-Radvanice,351,https://www.dopravakhk.cz/vyhledat-jizdni-rad.html?query=351,Královéhradecký kraj,CZ052,ALI87,47716.8760211,33,47716.876021078
Broumov-Otovice-Božanov,372,https://www.dopravakhk.cz/vyhledat-jizdni-rad.html?query=372,Královéhradecký kraj,CZ052,ALI96,23659.4513974,34,23659.4513973977
Křinice-Broumov-Heřmánkovice,376,https://www.dopravakhk.cz/vyhledat-jizdni-rad.html?query=376,Královéhradecký kraj,CZ052,ALI100,17768.745482,35,17768.7454819873
Trutnov-Radvanice-Adršpach,408,https://www.dopravakhk.cz/vyhledat-jizdni-rad.html?query=408,Královéhradecký kraj,CZ052,ALI118,30933.871073,36,30933.87107301
Dvůr Králové n.L.-Vítězná-Nemojov-Dvůr Králové n.L.,414,https://www.dopravakhk.cz/vyhledat-jizdni-rad.html?query=414,Královéhradecký kraj,CZ052,ALI122,26343.2023492,37,26343.2023492264
Dvůr Králové n.L.-Třebihošť-Bílá Třemešná-Dvůr Králové n.L.,415,https://www.dopravakhk.cz/vyhledat-jizdni-rad.html?query=415,Královéhradecký kraj,CZ052,ALI123,36032.3291073,38,36032.3291073005
Dvůr Králové n.L.-Doubravice-Dubenec-Velichovky-Dvůr Králové n.L.,417,https://www.dopravakhk.cz/vyhledat-jizdni-rad.html?query=417,Královéhradecký kraj,CZ052,ALI124,36986.4405467,39,36986.4405467425
Dvůr Králové n.L.-Kohoutov-Hajnice,419,https://www.dopravakhk.cz/vyhledat-jizdni-rad.html?query=419,Královéhradecký kraj,CZ052,ALI125,15726.0109496,40,15726.0109495836
Suchovršice-Úpice-Malé Svatoňovice-Velké Svatoňovice-Trutnov,424,https://www.dopravakhk.cz/vyhledat-jizdni-rad.html?query=424,Královéhradecký kraj,CZ052,ALI129,29778.5668314,41,29778.5668313634
Vrchlabí-Dolní Dvůr,454,https://www.dopravakhk.cz/vyhledat-jizdni-rad.html?query=454,Královéhradecký kraj,CZ052,ALI133,7754.56001454,42,7754.56001454093
Vrchlabí-Dolní Kalná-Zadní Ždírnice,455,https://www.dopravakhk.cz/vyhledat-jizdni-rad.html?query=455,Královéhradecký kraj,CZ052,ALI134,28325.2065199,43,28325.2065198656
Jičín-Valdice-Železnice-Lomnice n.Pop.-Semily,IDOL 501,https://www.dopravakhk.cz/vyhledat-jizdni-rad.html?query=501,"Královéhradecký kraj, Liberecký kraj","CZ052, CZ051",ALI185,14945.2577799,44,14945.2577799232
Jičín-Libáň-Dětenice,503,https://www.dopravakhk.cz/vyhledat-jizdni-rad.html?query=503,Královéhradecký kraj,CZ052,ALI143,23367.6150004,45,23367.6150003581
Jičín-Hořice-Hradec Králové,504,https://www.dopravakhk.cz/vyhledat-jizdni-rad.html?query=504,Královéhradecký kraj,CZ052,ALI144,55819.1135563,46,55819.1135563033
Jičín-Podhradí-Chyjice-Střevač-Markvartice-Libáň,509,https://www.dopravakhk.cz/vyhledat-jizdni-rad.html?query=509,Královéhradecký kraj,CZ052,ALI147,65884.4400795,47,65884.4400794858
Jičín-Podůlší-Jinolice-Hrdoňovice-Mladějov,511,https://www.dopravakhk.cz/vyhledat-jizdni-rad.html?query=511,Královéhradecký kraj,CZ052,ALI149,27036.1460485,48,27036.1460484958
"Jičín-Vršce-Kopidlno-Chroustov/Budčeves,Nečas",516,https://www.dopravakhk.cz/vyhledat-jizdni-rad.html?query=516,Královéhradecký kraj,CZ052,ALI153,43934.4450134,49,43934.4450134377
Lázně Bělohrad-Vřesník-Borek-Miletín-Zdobín,520,https://www.dopravakhk.cz/vyhledat-jizdni-rad.html?query=520,Královéhradecký kraj,CZ052,ALI154,26636.7637054,50,26636.7637054104
Hořice-Stračov-Petrovice-Sadová,521,https://www.dopravakhk.cz/vyhledat-jizdni-rad.html?query=521,Královéhradecký kraj,CZ052,ALI155,37739.0492644,51,37739.0492643669
Hořice-Jeřice-Cerekvice n.Bystř.-Sadová,524,https://www.dopravakhk.cz/vyhledat-jizdni-rad.html?query=524,Královéhradecký kraj,CZ052,ALI158,32281.2644307,52,32281.2644307221
Nová Paka-Stará Paka-Levínská Olešnice-Horka u St.Paky-Nová Paka,535,https://www.dopravakhk.cz/vyhledat-jizdni-rad.html?query=535,"Královéhradecký kraj, Liberecký kraj","CZ052, CZ051",ALI160,23276.429191,53,23276.4291910359
Staňkov-Pecka-Bukovina u Pecky-Kal-Pecka,537,https://www.dopravakhk.cz/vyhledat-jizdni-rad.html?query=537,Královéhradecký kraj,CZ052,ALI162,8297.85072453,54,8297.85072452666
Nová Paka-Úbislavice-Zboží-Krsmol-Nová Paka,539,https://www.dopravakhk.cz/vyhledat-jizdni-rad.html?query=539,Královéhradecký kraj,CZ052,ALI164,16543.6847574,55,16543.6847573923
Hradec Králové-Urbanice-Roudnice-Obědovice-Mlékosrby-Chlumec n.Cidl.,103,https://www.dopravakhk.cz/vyhledat-jizdni-rad.html?query=103,Královéhradecký kraj,CZ052,ALI3,54433.4381018,56,54433.4381017733
Hradec Králové-Libčany-Roudnice-Boharyně-Nechanice,104,https://www.dopravakhk.cz/vyhledat-jizdni-rad.html?query=104,Královéhradecký kraj,CZ052,ALI4,54857.9908551,57,54857.9908550883
Hradec Králové-Třesovice-Nechanice,106,https://www.dopravakhk.cz/vyhledat-jizdni-rad.html?query=106,Královéhradecký kraj,CZ052,ALI6,30703.0569731,58,30703.0569730964
Hradec Králové-Třebechovice p.Oreb.-Opočno-Dobruška,110,https://www.dopravakhk.cz/vyhledat-jizdni-rad.html?query=110,Královéhradecký kraj,CZ052,ALI10,59645.9449997,59,59645.9449997457
Dobruška-Opočno-Č.Meziříčí-Jílovice-Hr.Králové,111,https://www.dopravakhk.cz/vyhledat-jizdni-rad.html?query=111,Královéhradecký kraj,CZ052,ALI11,42114.3855262,60,42114.385526214
Nový Bydžov-Hlušice-Kozojedy-Vysoké Veselí-Slatiny-Jičín,150,https://www.dopravakhk.cz/vyhledat-jizdni-rad.html?query=150,Královéhradecký kraj,CZ052,ALI14,40890.986336,61,40890.9863360396
Chlumec n.Cidl.-Převýšov-Lovčice-Lužec n.Cidl.-Nový Bydžov,152,https://www.dopravakhk.cz/vyhledat-jizdni-rad.html?query=152,"Královéhradecký kraj, Středočeský kraj","CZ052, CZ020",ALI16,39564.0060707,62,39564.0060706768
Nový Bydžov-Smidary-Vysoké Veselí-Chomutice-Ostroměř-Hořice,155,https://www.dopravakhk.cz/vyhledat-jizdni-rad.html?query=155,Královéhradecký kraj,CZ052,ALI19,42594.2625391,63,42594.2625391011
Rychnov n.Kn.-Kostelec n.O.-Borohrádek-Holice-Pardubice,200,https://www.dopravakhk.cz/vyhledat-jizdni-rad.html?query=200,Královéhradecký kraj,CZ052,ALI23,31599.3383759,64,31599.3383759334
Rychnov n.Kn.-Javornice-Pěčín-Rokytnice v O.h.,201,https://www.dopravakhk.cz/vyhledat-jizdni-rad.html?query=201,Královéhradecký kraj,CZ052,ALI24,40382.2562998,65,40382.2562998448
Rychnov n.Kněž.-Javornice-Slatina n.Zd.-Žamberk,202,https://www.dopravakhk.cz/vyhledat-jizdni-rad.html?query=202,Královéhradecký kraj,CZ052,ALI25,23873.2544584,66,23873.2544584414
Borovnice-Lhoty u Potštejna-Sudslava-Potštejn-Vamberk-Rychnov n.Kněž.,203,https://www.dopravakhk.cz/vyhledat-jizdni-rad.html?query=203,"Královéhradecký kraj, Pardubický kraj","CZ052, CZ053",ALI26,28970.8189884,67,28970.8189884062
"Rychnov n.Kněž.-Javornice-Liberk-Zdobnice,Kačerov",206,https://www.dopravakhk.cz/vyhledat-jizdni-rad.html?query=206,Královéhradecký kraj,CZ052,ALI29,41827.5944015,68,41827.594401484
Častolovice-Kostelec n.Orl.-Vamberk-Rybná n.Zdob.-Slatina n.Zdob.-Rokytnice v Orl.h.,209,https://www.dopravakhk.cz/vyhledat-jizdni-rad.html?query=209,Královéhradecký kraj,CZ052,ALI32,34540.3108787,69,34540.310878733
Kvasiny - Rychnov n.Kněž.-Vamberk-Kostelec n.Orl.,208,https://www.dopravakhk.cz/vyhledat-jizdni-rad.html?query=208,Královéhradecký kraj,CZ052,ALI31,22748.0383653,70,22748.0383653347
Týniště n.Orl.-Lípa n.Orl.-Křivice-Lično-Voděrady-Černíkovice-Kvasiny-Rychnov n.Kněž.,210,https://www.dopravakhk.cz/vyhledat-jizdni-rad.html?query=210,Královéhradecký kraj,CZ052,ALI33,44630.7636886,71,44630.7636886476
Rychnov n.Kn.-Synkov-Slemeno-Kostelec n.O.,220,https://www.dopravakhk.cz/vyhledat-jizdni-rad.html?query=220,Královéhradecký kraj,CZ052,ALI37,20374.4969095,72,20374.4969095428
Kostelec n.Orl.-Kost.Lhota-Borovnice-Choceň,222,https://www.dopravakhk.cz/vyhledat-jizdni-rad.html?query=222,"Královéhradecký kraj, Pardubický kraj","CZ052, CZ053",ALI39,18966.8102266,73,18966.8102266427
Deštné v O.h.-Skuhrov n.B.-Rychnov n.Kn.-Kostelec n.O.-Častolovice,225,https://www.dopravakhk.cz/vyhledat-jizdni-rad.html?query=225,Královéhradecký kraj,CZ052,ALI41,50746.0484096,74,50746.048409608
"Kostelec n.Orl.-Kost.Lhota-Doudleby n.Orl.-Krchleby-Borovnice,Přestavlky-Lhoty u Potštejna",227,https://www.dopravakhk.cz/vyhledat-jizdni-rad.html?query=227,Královéhradecký kraj,CZ052,ALI42,16599.0179055,75,16599.0179055423
Bartošovice v Orl.h.-Kunvald-Žamberk,243,https://www.dopravakhk.cz/vyhledat-jizdni-rad.html?query=243,"Královéhradecký kraj, Pardubický kraj","CZ052, CZ053",ALI45,12284.447579,76,12284.447579039
Kvasiny-Rychnov n.Kněž.-Vamberk-Ústí n.Orl.-Česká Třebová,250,https://www.dopravakhk.cz/vyhledat-jizdni-rad.html?query=250,Královéhradecký kraj,CZ052,ALI46,31930.8954941,77,31930.8954941161
Náchod-Kramolna-Studnice-Česká Skalice-Jaroměř,302,https://www.dopravakhk.cz/vyhledat-jizdni-rad.html?query=302,Královéhradecký kraj,CZ052,ALI62,36814.1213983,78,36814.1213983088
Náchod-Česká Skalice-Jaroměř-Hradec Králové-Pardubice,306,https://www.dopravakhk.cz/vyhledat-jizdni-rad.html?query=306,Královéhradecký kraj,CZ052,ALI65,55148.658995,79,55148.6589950339
Jaroměř-Josefov-Vlkov-Smiřice-Skalice-Hradec Králové,311,https://www.dopravakhk.cz/vyhledat-jizdni-rad.html?query=311,Královéhradecký kraj,CZ052,ALI69,39359.783722,80,39359.7837219525
Jaroměř-Heřmanice-Chvalkovice-Brzice-Hořičky,314,https://www.dopravakhk.cz/vyhledat-jizdni-rad.html?query=314,Královéhradecký kraj,CZ052,ALI72,35796.5842762,81,35796.5842761501
Česká Skalice-Žernov-Červená Hora-Náchod-Č. Skalice,320,https://www.dopravakhk.cz/vyhledat-jizdni-rad.html?query=320,Královéhradecký kraj,CZ052,ALI75,27861.4489977,82,27861.4489977413
Červený Kostelec-Červená Hora-Hořičky-Lhota p. Hořičkami,321,https://www.dopravakhk.cz/vyhledat-jizdni-rad.html?query=321,Královéhradecký kraj,CZ052,ALI76,15570.5671972,83,15570.5671972256
Police n.Met.-Česká Metuje-Teplice n.Met.-Adršpach,360,https://www.dopravakhk.cz/vyhledat-jizdni-rad.html?query=360,Královéhradecký kraj,CZ052,ALI89,25062.5965071,84,25062.5965070761
Turistický autobus s přepravou kol (baťoh): Police n. Met.-Suchý Důl-Slavný-Hlavňov-Police n. Met.,363,https://www.dopravakhk.cz/vyhledat-jizdni-rad.html?query=363,Královéhradecký kraj,CZ052,ALI91,14649.955275,85,14649.9552749668
Starostín-Meziměstí-Vižňov,366,https://www.dopravakhk.cz/vyhledat-jizdni-rad.html?query=366,Královéhradecký kraj,CZ052,ALI93,6610.98973742,86,6610.98973741981
Broumov-Meziměstí-Teplice n.M.-Adršpach,371,https://www.dopravakhk.cz/vyhledat-jizdni-rad.html?query=371,Královéhradecký kraj,CZ052,ALI95,40428.175582,87,40428.1755819536
Broumov-Šonov,374,https://www.dopravakhk.cz/vyhledat-jizdni-rad.html?query=374,Královéhradecký kraj,CZ052,ALI98,9741.60970394,88,9741.60970394093
MHD Náchod: Pavlišov – aut.st. – St.Město – Branka,381,https://www.dopravakhk.cz/vyhledat-jizdni-rad.html?query=381,Královéhradecký kraj,CZ052,ALI101,20725.7809107,89,20725.7809106589
Turistický autobus s přepravou kol (baťoh): Jičín-Holín-Libuň-Újezd p.Tr.-Hrubá Skála-Turnov,391,https://www.dopravakhk.cz/vyhledat-jizdni-rad.html?query=391,"Královéhradecký kraj, Liberecký kraj","CZ052, CZ051",ALI104,28879.7580689,90,28879.7580688621
Broumov-Police n. Met.-Hronov-Náchod,375,https://www.dopravakhk.cz/vyhledat-jizdni-rad.html?query=375,Královéhradecký kraj,CZ052,ALI99,41256.2993976,91,41256.2993976006
"Broumov-Heřmánkovice,Janovičky",373,https://www.dopravakhk.cz/vyhledat-jizdni-rad.html?query=373,Královéhradecký kraj,CZ052,ALI97,8590.89458711,92,8590.89458710733
Dobruška-Val-Ohnišov-Nový Hrádek-Olešnice v Orl.h.,262,https://www.dopravakhk.cz/vyhledat-jizdni-rad.html?query=262,Královéhradecký kraj,CZ052,ALI49,21865.1118377,93,21865.1118377372
Broumov-Náchod-Nové Město n.Met.-Hradec Králové-Praha,305,https://www.dopravakhk.cz/vyhledat-jizdni-rad.html?query=305,Královéhradecký kraj,CZ052,ALI64,100219.485435,94,100219.485434878
Broumov-Hynčice-Meziměstí-Ruprechtice,364,https://www.dopravakhk.cz/vyhledat-jizdni-rad.html?query=364,Královéhradecký kraj,CZ052,ALI92,18271.0839256,95,18271.0839255562
MHD Náchod: Bražec – Běloves – Kudowa Zdrój,382,https://www.dopravakhk.cz/vyhledat-jizdni-rad.html?query=382,"Královéhradecký kraj, Polsko","CZ052, PL",ALI102,20333.2219816,96,20333.2219815521
Turistický autobus s přepravou kol (baťoh): Liberec-Turnov-Vyskeř-Sobotka,392,https://www.dopravakhk.cz/vyhledat-jizdni-rad.html?query=392,"Královéhradecký kraj, Liberecký kraj","CZ052, CZ051",ALI105,11020.7770238,97,11020.7770237746
Turistický autobus s přepravou kol (vlek na kola): Náchod-Kudowa Zdrój-Karlów,390,https://www.dopravakhk.cz/vyhledat-jizdni-rad.html?query=390,"Královéhradecký kraj, Polsko","CZ052, PL",ALI103,19224.2480948,98,19224.2480947555
Červený Kostelec-Hronov,340,https://www.dopravakhk.cz/vyhledat-jizdni-rad.html?query=340,Královéhradecký kraj,CZ052,ALI85,13375.2703641,99,13375.2703640785
Turistický autobus: Nové Město n.Met.-Peklo,397,https://www.dopravakhk.cz/vyhledat-jizdni-rad.html?query=397,Královéhradecký kraj,CZ052,ALI109,6296.82437478,100,6296.82437477792
Náchod-Provodov-Šonov-Nové Město n.Met.,334,https://www.dopravakhk.cz/vyhledat-jizdni-rad.html?query=334,Královéhradecký kraj,CZ052,ALI81,22063.9425152,101,22063.9425151672
Nové Město n.Met.-Přibyslav,336,https://www.dopravakhk.cz/vyhledat-jizdni-rad.html?query=336,Královéhradecký kraj,CZ052,ALI82,4433.39449154,102,4433.39449153687
Šerlich-Deštné v O.h.-Sedloňov-Olešnice v O.h.-Nové Město n.M.-Náchod,393,https://www.dopravakhk.cz/vyhledat-jizdni-rad.html?query=393,Královéhradecký kraj,CZ052,ALI106,46821.0074305,103,46821.0074304953
"Turistický autobus s přepravou kol (vlek na kola): Deštné v Orl.h.,Šerlich-Nové Město n.Met.-Česká Skalice-Jaroměř",396,https://www.dopravakhk.cz/vyhledat-jizdni-rad.html?query=396,Královéhradecký kraj,CZ052,ALI108,54411.0927167,104,54411.0927166776
"Turistický autobus s přepravou kol (vlek na kola): Deštné v Orl.h.,Šerlich-Olešnice v Orl.h.-Nový Hrádek-Dobrošov-Náchod-Nové Město n.Met.",395,https://www.dopravakhk.cz/vyhledat-jizdni-rad.html?query=395,Královéhradecký kraj,CZ052,ALI107,53768.6726634,105,53768.6726633806
Turistický autobus s přepravou kol (baťoh): Trutnov-Babí-Žacléř-Lampertice/Královec-Bernartice-Trutnov,401,https://www.dopravakhk.cz/vyhledat-jizdni-rad.html?query=401,Královéhradecký kraj,CZ052,ALI111,45207.6122606,106,45207.6122605836
Trutnov-Vlčice-Staré Buky-Pilníkov,402,https://www.dopravakhk.cz/vyhledat-jizdni-rad.html?query=402,Královéhradecký kraj,CZ052,ALI112,19009.8585573,107,19009.8585573068
Trutnov-Svoboda nad Úpou-Malá Úpa,403,https://www.dopravakhk.cz/vyhledat-jizdni-rad.html?query=403,Královéhradecký kraj,CZ052,ALI113,38600.2837604,108,38600.2837603582
Trutnov-Svoboda nad Úpou-Janské Lázně-Pec pod Sněžkou,404,https://www.dopravakhk.cz/vyhledat-jizdni-rad.html?query=404,Královéhradecký kraj,CZ052,ALI114,38379.8865943,109,38379.8865942665
Špindlerův Mlýn - Vrchlabí -Nová Paka- Jičín,405,https://www.dopravakhk.cz/vyhledat-jizdni-rad.html?query=405,"Královéhradecký kraj, Liberecký kraj","CZ052, CZ051",ALI115,57564.9898044,110,57564.9898043687
Jičín-Nová Paka-Hostinné-Trutnov,406,https://www.dopravakhk.cz/vyhledat-jizdni-rad.html?query=406,Královéhradecký kraj,CZ052,ALI116,75639.4772064,111,75639.4772063754
Dvůr Králové n.Lab.-Hajnice-Trutnov,407,https://www.dopravakhk.cz/vyhledat-jizdni-rad.html?query=407,Královéhradecký kraj,CZ052,ALI117,38888.7059754,112,38888.7059753507
Hradec Králové-Dvůr Králové n.L.-Trutnov-Janské Lázně-Pec p. Sněž.-Malá Úpa,410,https://www.dopravakhk.cz/vyhledat-jizdni-rad.html?query=410,Královéhradecký kraj,CZ052,ALI119,99885.7496052,113,99885.7496052436
Turistický autobus s přepravou kol (baťoh): Dvůr Králové n.L.-Chvalkovice-Česká Skalice-Náchod,411,https://www.dopravakhk.cz/vyhledat-jizdni-rad.html?query=411,Královéhradecký kraj,CZ052,ALI120,47594.8643613,114,47594.8643613101
Vrchlabí-Hostinné-Dvůr Králové n.L.,413,https://www.dopravakhk.cz/vyhledat-jizdni-rad.html?query=413,Královéhradecký kraj,CZ052,ALI121,40070.604917,115,40070.6049169613
Úpice-Hořičky-Česká Skalice,421,https://www.dopravakhk.cz/vyhledat-jizdni-rad.html?query=421,Královéhradecký kraj,CZ052,ALI126,32958.8592692,116,32958.8592692439
Úpice-Maršov u Úpice-Hajnice,422,https://www.dopravakhk.cz/vyhledat-jizdni-rad.html?query=422,Královéhradecký kraj,CZ052,ALI127,21438.7875166,117,21438.7875166353
"Turistický autobus s přepravou kol (baťoh): Suchovršice-Úpice-Malé Svatoňovice-Malé Svatoňovice,Odolov",423,https://www.dopravakhk.cz/vyhledat-jizdni-rad.html?query=423,Královéhradecký kraj,CZ052,ALI128,17419.4786207,118,17419.4786206637
Vrchlabí-Hostinné-Dvůr Králové n.L.-Jaroměř-Hradec Králové,451,https://www.dopravakhk.cz/vyhledat-jizdni-rad.html?query=451,Královéhradecký kraj,CZ052,ALI130,72134.7804623,119,72134.7804622763
Špindlerův Mlýn-Vrchlabí-Černý Důl-Janské Lázně-Svoboda n.Úpou-Pec p.Sněžkou-Malá Úpa,453,https://www.dopravakhk.cz/vyhledat-jizdni-rad.html?query=453,Královéhradecký kraj,CZ052,ALI132,53198.8085051,120,53198.8085050727
Turistický autobus s přepravou kol (baťoh): Vrchlabí-Strážné,456,https://www.dopravakhk.cz/vyhledat-jizdni-rad.html?query=456,Královéhradecký kraj,CZ052,ALI135,7124.86001478,121,7124.86001478214
Dvůr Králové n.L.-Mostek-Horka u St.Paky-Nová Paka,457,https://www.dopravakhk.cz/vyhledat-jizdni-rad.html?query=457,Královéhradecký kraj,CZ052,ALI136,35044.8879133,122,35044.8879133264
"Turistický autobus s přepravou kol (vlek na kola): Špindlerův Mlýn,Špindlerovka-Vrchlabí-Dvůr Králové n.L.-Kuks-Hradec Králové",491,https://www.dopravakhk.cz/vyhledat-jizdni-rad.html?query=491,Královéhradecký kraj,CZ052,ALI140,99813.1675125,123,99813.1675125324
Jičín-Mlázovice-Lázně Bělohrad,507,https://www.dopravakhk.cz/vyhledat-jizdni-rad.html?query=507,Královéhradecký kraj,CZ052,ALI145,53306.5776251,124,53306.5776250706
ičín-Kacákova Lhota-Vysoké Veselí-Volanice-Kozojedy,508,https://www.dopravakhk.cz/vyhledat-jizdni-rad.html?query=508,Královéhradecký kraj,CZ052,ALI146,38456.5625134,125,38456.5625133727
Jičín-Valdice-Dřevěnice-Soběraz-Železnice-Kyje,513,https://www.dopravakhk.cz/vyhledat-jizdni-rad.html?query=513,"Královéhradecký kraj, Liberecký kraj","CZ052, CZ051",ALI151,30287.6501745,126,30287.6501744683
Špindlerův Mlýn-Vrchlabí-Nová Paka-Lázně Bělohrad-Hořice-Hradec Králové,530,https://www.dopravakhk.cz/vyhledat-jizdni-rad.html?query=530,"Královéhradecký kraj, Liberecký kraj","CZ052, CZ051",ALI159,103624.732365,127,103624.732364847
Dvůr Králové n.L.-Mostek-Pecka-Nová Paka-Stará Paka,536,https://www.dopravakhk.cz/vyhledat-jizdni-rad.html?query=536,Královéhradecký kraj,CZ052,ALI161,44945.1648361,128,44945.1648361076
Nová Paka-Vidochov-Pecka,538,https://www.dopravakhk.cz/vyhledat-jizdni-rad.html?query=538,Královéhradecký kraj,CZ052,ALI163,13953.6296987,129,13953.6296987494
Pardubice - Hrobice - Hradec Králové,600,https://www.dopravakhk.cz/vyhledat-jizdni-rad.html?query=600,"Královéhradecký kraj, Pardubický kraj","CZ052, CZ053",ALI165,34692.0582149,130,34692.0582148737
Pardubice - Dříteč - Borek - Vysoká n.L. - Hradec Králové,601,https://www.dopravakhk.cz/vyhledat-jizdni-rad.html?query=601,"Královéhradecký kraj, Pardubický kraj","CZ052, CZ053",ALI166,20670.9223002,131,20670.9223002082
Chlumec nad Cidlinou-Rohovládova Bělá-Lázně Bohdaneč-Pardubice,607,https://www.dopravakhk.cz/vyhledat-jizdni-rad.html?query=607,"Královéhradecký kraj, Pardubický kraj","CZ052, CZ053",ALI168,11050.4048487,132,11050.4048487081
Přelouč - Lázně Bohdaneč - Dolany - Staré Ždánice - Hradec Králové,620,https://www.dopravakhk.cz/vyhledat-jizdni-rad.html?query=620,"Královéhradecký kraj, Pardubický kraj","CZ052, CZ053",ALI170,10783.9132639,133,10783.9132638644
Dašice - Dolní Roveň - Holice - Vysoké Chvojno - Chvojenec - Býšť - Hradec Králové,650,https://www.dopravakhk.cz/vyhledat-jizdni-rad.html?query=650,"Královéhradecký kraj, Pardubický kraj","CZ052, CZ053",ALI172,19211.7071562,134,19211.7071562091
Pardubice - Staré Ždánice - Osice- Dobřenice,602,https://www.dopravakhk.cz/vyhledat-jizdni-rad.html?query=602,"Královéhradecký kraj, Pardubický kraj","CZ052, CZ053",ALI167,12412.4316176,135,12412.4316175565
Ústí n.Orl. - Libchavy - Žamberk -Kunvald - Rokytnice v Orlh. - Říčky v Orl.h.,902,https://www.dopravakhk.cz/vyhledat-jizdni-rad.html?query=902,"Královéhradecký kraj, Pardubický kraj","CZ052, CZ053",ALI177,6343.38993103,136,6343.38993102748
Rychnov n.Kn.-Kostelec n.O.-Týniště n.O.-Hradec Králové,115,https://www.dopravakhk.cz/vyhledat-jizdni-rad.html?query=115,Královéhradecký kraj,CZ052,ALI13,73425.7189591,137,73425.7189590613
"Rychnov n.Kněž.-Vamberk,Peklo n.Zdob.-Vamberk",217,https://www.dopravakhk.cz/vyhledat-jizdni-rad.html?query=217,Královéhradecký kraj,CZ052,ALI35,10074.6935184,138,10074.693518403
Rokytnice v Orl.h.-Žamberk,241,https://www.dopravakhk.cz/vyhledat-jizdni-rad.html?query=241,"Královéhradecký kraj, Pardubický kraj","CZ052, CZ053",ALI44,6343.38993103,139,6343.38993102748
Rychnov n.Kněž.-Solnice--Trnov-Opočno/Dobruška-České Meziříčí-Jaroměř-Dvůr Králové n.L.,261,https://www.dopravakhk.cz/vyhledat-jizdni-rad.html?query=261,Královéhradecký kraj,CZ052,ALI48,70713.80109,140,70713.801090039
Dobruška-Opočno-Pohoří-Č.Meziříčí,263,https://www.dopravakhk.cz/vyhledat-jizdni-rad.html?query=263,Královéhradecký kraj,CZ052,ALI50,39375.8288842,141,39375.8288842202
Orlické Záhoří-Deštné v Orl.h.-Dobruška-Třebechovice pod Orebem-Hradec Králové,264,https://www.dopravakhk.cz/vyhledat-jizdni-rad.html?query=264,Královéhradecký kraj,CZ052,ALI51,66390.3466678,142,66390.3466678416
Nové Město n.Met.-Chlístov-Dobruška,267,https://www.dopravakhk.cz/vyhledat-jizdni-rad.html?query=267,Královéhradecký kraj,CZ052,ALI54,33938.9532518,143,33938.9532518071
"Dobruška - Opočno-Přepychy-Bolehošť-Týniště n.Orl.,Křivice",270,https://www.dopravakhk.cz/vyhledat-jizdni-rad.html?query=270,Královéhradecký kraj,CZ052,ALI55,34705.1218791,144,34705.1218791255
Turistický autobus s přepravou kol (vlek na kola): Deštné v Orl.h.-Solnice-Rychnov n.Kněž.-Vamberk-Častolovice,295,https://www.dopravakhk.cz/vyhledat-jizdni-rad.html?query=295,Královéhradecký kraj,CZ052,ALI58,47080.1198701,145,47080.119870089
Hronov-Vysoká Srbská-Žďárky-Malá Čermná-Kudowa Zdrój - Velké Poříčí,352,https://www.dopravakhk.cz/vyhledat-jizdni-rad.html?query=352,"Královéhradecký kraj, Polsko","CZ052, PL",ALI88,22398.1938255,146,22398.1938255047
"Rudník,Fořt-Rudník-Hostinné-Čermná",460,https://www.dopravakhk.cz/vyhledat-jizdni-rad.html?query=460,Královéhradecký kraj,CZ052,ALI138,26774.9977439,147,26774.9977438935
Hostinné-Mostek-Bílá Třemešná-Dvůr Králové n.L.,462,https://www.dopravakhk.cz/vyhledat-jizdni-rad.html?query=462,Královéhradecký kraj,CZ052,ALI139,24455.7180464,148,24455.718046442
Turistický autobus s přepravou kol (baťoh): Jičín-Holín-Prachovské skály-Pařezská Lhota-Mladějov-Sobotka-Podkost,510,https://www.dopravakhk.cz/vyhledat-jizdni-rad.html?query=510,Královéhradecký kraj,CZ052,ALI148,25202.5492111,149,25202.5492111448
Jičín-Ostružno-Mladějov-Újezd p.Tr.-Sobotka,512,https://www.dopravakhk.cz/vyhledat-jizdni-rad.html?query=512,Královéhradecký kraj,CZ052,ALI150,38134.3945918,150,38134.3945918236
Hořice-Miletín-Dvůr Králové n.Lab.,522,https://www.dopravakhk.cz/vyhledat-jizdni-rad.html?query=522,Královéhradecký kraj,CZ052,ALI156,31137.6276206,151,31137.6276205925
Doudleby n.Orl. - Vamberk - Rybná n. Zdob. - Žamberk,981,https://www.dopravakhk.cz/vyhledat-jizdni-rad.html?query=981,"Královéhradecký kraj, Pardubický kraj","CZ052, CZ053",ALI180,26746.8498403,152,26746.8498402783
Náchod-Nové Město n.Met.-Dobruška-Rychnov n.Kněž.,309,https://www.dopravakhk.cz/vyhledat-jizdni-rad.html?query=309,Královéhradecký kraj,CZ052,ALI68,64543.574754,153,64543.5747540282
Turistický autobus s přepravou kol (vlek na kola): Hradec Králové-Dvůr Králové nad Labem-Trutnov-Svoboda n.Úpou-Pec p.Sněžkou-Malá Úpa,495,https://www.dopravakhk.cz/vyhledat-jizdni-rad.html?query=495,Královéhradecký kraj,CZ052,ALI141,88576.471685,154,88576.4716849613
"Turistický autobus s přepravou kol (vlek na kola): Deštné v Orl.h.,Šerlich-Dobruška-Opočno-Třebechovice p.Oreb.-Hradec",193,https://www.dopravakhk.cz/vyhledat-jizdni-rad.html?query=193,Královéhradecký kraj,CZ052,ALI22,61021.3444073,155,61021.3444072903
Nové Město n.Met.-Mezilesí-Dobřany v Orl.h./Nový Hrádek,332,https://www.dopravakhk.cz/vyhledat-jizdni-rad.html?query=332,Královéhradecký kraj,CZ052,ALI79,24877.9445773,156,24877.9445773169
Trutnov-Suchovršice-Úpice-Červený Kostelec-Náchod,301,https://www.dopravakhk.cz/vyhledat-jizdni-rad.html?query=301,Královéhradecký kraj,CZ052,ALI61,57230.777048,157,57230.7770479961
Červený Kostelec-Česká Skalice,349,https://www.dopravakhk.cz/vyhledat-jizdni-rad.html?query=349,Královéhradecký kraj,CZ052,ALI86,56012.4266055,158,56012.4266055346
Jičín-Valdice-Železnice-Lomnice n.Pop.-Semily,IDOL 502,https://www.dopravakhk.cz/vyhledat-jizdni-rad.html?query=502,"Královéhradecký kraj, Liberecký kraj","CZ052, CZ051",ALI186,14945.2577799,159,14945.2577799232
Holice - Borohrádek - Horní Jelení,612,https://www.dopravakhk.cz/vyhledat-jizdni-rad.html?query=612,"Královéhradecký kraj, Pardubický kraj","CZ052, CZ053",ALI169,31317.2918778,160,31317.2918777678
Přelouč-Lázně Bohdaneč-Přelovice-Rohovládova Bělá-Dobřenice,635,https://www.dopravakhk.cz/vyhledat-jizdni-rad.html?query=635,"Královéhradecký kraj, Pardubický kraj","CZ052, CZ053",ALI171,33187.6956709,161,33187.6956709173
Kopidlno-Libáň-Dolní Bousov,735,https://www.dopravakhk.cz/vyhledat-jizdni-rad.html?query=735,"Královéhradecký kraj, Středočeský kraj","CZ052, CZ020",ALI176,29924.3233408,162,29924.3233408334
Turistický autobus s přepravou kol (vlek na kola): Hor. Malá Úpa-Pec p.Sněžkou-Janské Lázně-Vrchlabí-Rokytnice n.Jiz.-Harrachov,990,https://www.dopravakhk.cz/vyhledat-jizdni-rad.html?query=990,"Královéhradecký kraj, Liberecký kraj","CZ052, CZ051",ALI181,56403.9768467,163,56403.9768466891
Lanškroun - Ústí nad Orlicí / Rychnov nad Kněžnou - Vamberk - Kostelec .Orl. - Hradec Králové,991,https://www.dopravakhk.cz/vyhledat-jizdni-rad.html?query=991,"Královéhradecký kraj, Pardubický kraj","CZ052, CZ053",ALI182,78719.759523,164,78719.7595229646
Liberec - Turnov - Rovensko p. Tr. - Jičín,IDOL 350,https://www.dopravakhk.cz/vyhledat-jizdni-rad.html?query=350,"Královéhradecký kraj, Liberecký kraj","CZ052, CZ051",ALI183,28759.5372862,165,28759.5372862376
Jilemnice - Horní Branná - Vrchlabí,IDOL 963,https://www.dopravakhk.cz/vyhledat-jizdni-rad.html?query=963,Královéhradecký kraj,CZ052,ALI192,5820.93990353,166,5820.93990353168
Jilemnice - Studenec - Bukovina u Čisté - Dolní Kalná - Horka u St. Paky - Levínská Olešnice,IDOL 964,https://www.dopravakhk.cz/vyhledat-jizdni-rad.html?query=964,"Královéhradecký kraj, Liberecký kraj","CZ052, CZ051",ALI193,25341.4261865,167,25341.4261865074
Rokytnice n.Jiz. - Jilemnice - Mostek - Dvůr Králové n.Lab. - Jaroměř - Hradec Králové,IDOL 975,https://www.dopravakhk.cz/vyhledat-jizdni-rad.html?query=975,"Královéhradecký kraj, Liberecký kraj","CZ052, CZ051",ALI194,100848.977833,168,100848.977833271
Tanvald-Plavy-Zlatá Olešnice-Vysoké n.Jiz.-Jilemnice-Vrchlabí,IDOL 953,https://www.dopravakhk.cz/vyhledat-jizdni-rad.html?query=953,"Královéhradecký kraj, Liberecký kraj","CZ052, CZ051",ALI190,20125.2216135,169,20125.2216135259
Liberec-Jablonec n.Nisou-Tanvald-Vysoké n.Jiz.-Jilemnice-Vrchlabí-Trutnov,IDOL 955,https://www.dopravakhk.cz/vyhledat-jizdni-rad.html?query=955,"Královéhradecký kraj, Liberecký kraj","CZ052, CZ051",ALI191,50237.0924055,170,50237.0924054809
Liberec-Jablonec n.Nisou-Jilemnice-Vrchlabí-Špindlerův Mlýn,IDOL 940,https://www.dopravakhk.cz/vyhledat-jizdni-rad.html?query=940,"Královéhradecký kraj, Liberecký kraj","CZ052, CZ051",ALI187,47571.7757364,171,47571.7757363886
Rokytnice n. Jiz.-Jablonec n. Jiz.-Jilemnice-Martinice v Krk./Vrchlabí,IDOL 941,https://www.dopravakhk.cz/vyhledat-jizdni-rad.html?query=941,"Královéhradecký kraj, Liberecký kraj","CZ052, CZ051",ALI188,36051.4686826,172,36051.4686826246
Rychnov n.Kněž.-Dlouhá Ves-Roveň-Peklo n.Zdob.-Vamberk-Merklovice a zpět (MHD Rychnov n. Kněž.),665001,http://portal.idos.cz/Search.aspx?c=7&mi=2&find=665001,Královéhradecký kraj,CZ052,ALI173,16108.7065675,173,16108.7065675487
Rychnov n.Kněž.-sídl.Nad Habrovou-Panská Habrová-Lukavice a zpět (MHD Rychnov n. Kněž.),665002,http://portal.idos.cz/Search.aspx?c=7&mi=2&find=665002,Královéhradecký kraj,CZ052,ALI174,12176.764159,174,12176.7641590289
Turnov - Žďár - Sobotka,IDOL 365,https://www.dopravakhk.cz/vyhledat-jizdni-rad.html?query=365,"Královéhradecký kraj, Liberecký kraj","CZ052, CZ051",ALI184,24992.8788307,175,24992.8788306931
Nový Bydžov-Smidary-Žlunice-Kozojedy-Kopidlno,154,https://www.dopravakhk.cz/vyhledat-jizdni-rad.html?query=154,Královéhradecký kraj,CZ052,ALI18,45300.900723,176,45300.900723029
Rychnov n.Kněž.-Lukavice-Kvasiny,219,https://www.dopravakhk.cz/vyhledat-jizdni-rad.html?query=219,Královéhradecký kraj,CZ052,ALI36,20111.647194,177,20111.6471940261
Hradec Králové-Hořice-Jičín-Turnov-Liberec,370,https://www.dopravakhk.cz/vyhledat-jizdni-rad.html?query=370,"Královéhradecký kraj, Liberecký kraj","CZ052, CZ051",ALI94,79867.6682973,178,79867.6682972776
Choceň-Skořenice-Kostelecké Horky- Borohrádek,943,https://www.dopravakhk.cz/vyhledat-jizdni-rad.html?query=943,"Královéhradecký kraj, Pardubický kraj","CZ052, CZ053",ALI178,26400.4905638,179,26400.490563794
Hradec Králové-Hořiněves-Velký Vřešťov-Dubenec-Dvůr Králové n.L.,107,https://www.dopravakhk.cz/vyhledat-jizdni-rad.html?query=107,Královéhradecký kraj,CZ052,ALI7,55512.9421195,180,55512.9421194845
Dobruška-Opočno-Přepychy-Voděrady-Lično-Černíkovice-Rychnov n.Kněž.,265,https://www.dopravakhk.cz/vyhledat-jizdni-rad.html?query=265,Královéhradecký kraj,CZ052,ALI52,50528.5456345,181,50528.5456344796
Trutnov-Starý Rokytník-Úpice-Červený Kostelec-Náchod,300,https://www.dopravakhk.cz/vyhledat-jizdni-rad.html?query=300,Královéhradecký kraj,CZ052,ALI60,51300.1953652,182,51300.1953652003
Turistický autobus s přepravou kol (baťoh): Police n.Met.-Machov-Karlów,361,https://www.dopravakhk.cz/vyhledat-jizdni-rad.html?query=361,"Královéhradecký kraj, Polsko","CZ052, PL",ALI90,30415.6505973,183,30415.6505973419
Jičín-Lužany-Chomutice-Hořice,515,https://www.dopravakhk.cz/vyhledat-jizdni-rad.html?query=515,Královéhradecký kraj,CZ052,ALI152,42277.2371857,184,42277.2371857066
Hořice-Ostroměř-Mlázovice,523,https://www.dopravakhk.cz/vyhledat-jizdni-rad.html?query=523,Královéhradecký kraj,CZ052,ALI157,20771.7857907,185,20771.7857907493
Kopidlno-Libáň-Březno-Mladá Boleslav,723,https://www.dopravakhk.cz/vyhledat-jizdni-rad.html?query=723,"Královéhradecký kraj, Středočeský kraj","CZ052, CZ020",ALI175,33246.0596026,186,33246.0596026113
Vrchlabí-Kunčice-Klášterská Lhota-Hostinné,452,https://www.dopravakhk.cz/vyhledat-jizdni-rad.html?query=452,Královéhradecký kraj,CZ052,ALI131,20167.6403521,187,20167.6403520642
"Vrchlabí-Horní Branná,Valteřice-Jilemnice-Vrchlabí",459,https://www.dopravakhk.cz/vyhledat-jizdni-rad.html?query=459,"Královéhradecký kraj, Liberecký kraj","CZ052, CZ051",ALI137,14667.8456791,188,14667.8456790576
Vrchlabí-Rudník-Mladé Buky-Trutnov,400,https://www.dopravakhk.cz/vyhledat-jizdni-rad.html?query=400,Královéhradecký kraj,CZ052,ALI110,38711.7693132,189,38711.7693132445
Hořice – Holovousy – Bílsko - Hořice,525,https://www.dopravakhk.cz/vyhledat-jizdni-rad.html?query=525,Královéhradecký kraj,CZ052,ALI195,9629.1998423,190,9629.19984229527
Lomnice nad Popelkou - Libuň - Mladějov - Sobotka,551,https://www.dopravakhk.cz/vyhledat-jizdni-rad.html?query=551,"Královéhradecký kraj, Liberecký kraj","CZ052, CZ051",ALI196,31410.9537533,191,31410.9537533153
Turistický autobus s přepravou kol (vlek na kola): Náchod-Červený Kostelec-Trutnov-Pec pod Sněžkou-Malá Úpa,394,https://www.dopravakhk.cz/vyhledat-jizdni-rad.html?query=394,Královéhradecký kraj,CZ052,ALI197,75743.3648217,192,75743.3648217389
"Turistický autobus s přepravou kol (vlek na kola): Pardubice - Holice - Rychnov n. Kn. - Rokytnice v Orl. h. - Říčky - Deštné v Orl.h., Šerlich - Deštné v Orl.h.",690,https://www.dopravakhk.cz/vyhledat-jizdni-rad.html?query=690,"Královéhradecký kraj, Pardubický kraj","CZ052, CZ053",ALI198,92302.0466664,193,92302.0466664162
Turistický autobus s přepravou kol (baťoh): Mladá Boleslav-Mnichovo Hradiště-Kněžmost-Sobotka,PID997,https://pid.cz/wp-content/uploads/2021/07/997-J%C5%98.pdf,"Královéhradecký kraj, Liberecký kraj","CZ052, CZ051",ALI199,14591.4210427,194,14591.4210426775
Turistický autobus s přepravou kol (vlek na kola): Rychnov n.Kněž. - Rokytnice v Orl.h. - Deštné v Orl.h.,294,https://www.dopravakhk.cz/vyhledat-jizdni-rad.html?query=294,Královéhradecký kraj, CZ052,ALI200,60211.4567909,195,60211.456790903
